{"emotion": "Happy", "confidence": 0.9064110629068538, "success": true, "all_emotions": {"angry": 3.9881857945697554, "disgust": 2.837335538883741, "fear": 0.7683159798901105, "happy": 90.64110629068539, "sad": 1.5957346146423084, "surprise": 0.007114650240936102, "neutral": 0.16219676867016927}}