{"emotion": "Happy", "confidence": 0.5898793095278329, "success": true, "all_emotions": {"angry": 15.884623878277772, "disgust": 1.7022309577317303e-08, "fear": 0.018627740447107133, "happy": 58.98793095278328, "sad": 0.12377330141280898, "surprise": 0.016230401037024025, "neutral": 24.96881186776232}}